x1,x2,y
0.14356106670684093,1.901207693450365,0.0
-0.3318839511258888,0.8424184036085448,0.0
-0.7467235919219092,0.6352396099800169,0.0
-0.7157255745507368,-1.0065772105918331,0.0
2.030330880448727,-1.785751545837835,0.0
-2.6338425202767515,0.9851681090606438,0.0
-0.44463802373921607,-1.028511523433979,0.0
0.8545969414522073,1.8222565794897856,0.0
-0.41525935121790697,-0.6780206671686543,0.0
-1.901566213362722,0.5429796646950344,0.0
-1.7032161380415578,-1.0591880784244727,0.0
-2.110131050372391,0.2417676966944529,0.0
-2.3026522199843074,-1.9751529800692027,0.0
-0.8423059767777553,-0.20079909387210665,0.0
0.5409972144002636,0.8804381851416023,0.0
1.3471538223396287,1.173901186250942,0.0
1.4994835366443793,0.3837453022817181,0.0
-0.047324227724001036,1.2865120072692506,0.0
0.0070016932653862085,-0.0820731605737019,0.0
0.48859300543506773,0.11004630384950996,0.0
1.6949065172379736,0.4623617646059691,0.0
-1.5091862842272676,0.45533064559482633,0.0
-1.3921778568643592,-0.44976243338877714,0.0
0.14385299232842408,-0.40620246521036607,0.0
0.28956155903778397,0.9392645494157125,0.0
-0.701968442255963,-0.5728789887763434,0.0
-1.0150439197587822,-0.8512121166400527,0.0
-1.508323949596889,1.1612420718981806,0.0
-2.9235110170631806,-0.8335145692171292,0.0
-0.2946010539958665,-1.2998190416631452,0.0
1.7663408620584784,0.9500680771462191,0.0
0.47361195435843745,-0.04198581260723189,0.0
-1.1267518861581025,-0.07654845457889309,0.0
-0.3199361870351226,0.2853476466402102,0.0
1.5578389993448625,-1.17596401795526,0.0
0.3324502413333593,0.24028054263261536,0.0
1.9121495186170916,-2.278107160454868,0.0
0.42961711242915956,-1.2220993249750507,0.0
-2.407869591753073,-1.1294203383231316,0.0
-2.033574998030418,-0.37142998471155375,0.0
0.47596596312553124,-1.2360085283083573,0.0
-0.5547501895482967,-2.752508353347856,0.0
-1.2432030354823957,-1.312454037317199,0.0
0.2258298394336354,-1.1009983212246273,0.0
0.4841203156368006,-1.7718942052979398,0.0
1.8212749297996824,-0.48716693818968954,0.0
-0.2027466415349523,-0.5807346025963924,0.0
0.43689729808602057,-0.64376460400839,0.0
0.9132269030587014,0.0716812397760105,0.0
0.21995888628873278,-1.1627808205762862,0.0
0.5332595753436037,-1.2493044658742194,0.0
-1.147516101958092,0.4149826885133393,0.0
-0.38752135562283074,-0.9317707058072302,0.0
-1.575658426557222,0.30876627835854176,0.0
0.45560400188465056,-1.118742850394484,0.0
-0.3474857225798899,0.7999804987238243,0.0
-0.3216474081972758,-0.8316171547472799,0.0
-1.1541227491023032,-1.65895454163076,0.0
-0.17773174873106878,-0.3445284316853407,0.0
0.18324072259610963,0.4855507317652734,0.0
-0.508198906330328,1.1402137771686927,0.0
0.4625037665207281,-0.4535022194527985,0.0
0.9907713073635395,0.6194313378786374,0.0
0.4093969003475169,-1.6626721671578917,0.0
0.6559737820307743,0.9211272804918377,0.0
1.410674278101564,-1.2899966165228218,0.0
0.7001127065502507,0.6610034708541375,0.0
0.3704882805506524,0.2656384793462173,0.0
0.8599513460128447,-0.8762751063767039,0.0
0.013867195977853108,-1.349075386813769,0.0
-1.1703498540859005,-0.6490852106366111,0.0
0.3957143763801499,-1.9408594940305925,0.0
-2.108596977577064,-0.156684093786529,0.0
-0.7243397203228202,-2.081404123482889,0.0
0.3139475263099424,-0.9191041293488839,0.0
-0.12944743924948718,-1.3700740915385152,0.0
0.4246559090695048,-1.1147308240551075,0.0
-0.18531262895426287,0.9730650260694499,0.0
0.28071280520756253,-1.3113781966471594,0.0
-0.007861936301340466,0.01428703349620632,0.0
0.24628440828813233,0.2538364394102085,0.0
-1.4423786515513302,1.041199162520671,0.0
-0.41252261332652446,1.4813844788790325,0.0
0.39350736915711365,0.017221105255017615,0.0
-0.7272100529068146,-0.3500440553885625,0.0
0.050507223825536525,0.9905026941821787,0.0
1.4740070385482889,1.7567753816460805,0.0
-0.012104027501616547,0.1767271589542326,0.0
0.679494688219661,1.0801516613755597,0.0
-0.9388087326322623,0.3372868397917729,0.0
-0.4385891101100222,-0.496395178673881,0.0
-1.8336274904757917,0.26328861855785,0.0
-0.33096093624884776,1.1614983581460785,0.0
-0.9439577929752311,0.45477268567844414,0.0
0.4185180065075478,1.9495362080741583,0.0
1.6664039245015903,0.7245058690795547,0.0
0.12858986603541547,-0.26145600690902016,0.0
0.9283117618940706,0.06895643596262979,0.0
0.13264482681347942,-0.12139157779269524,0.0
-0.7029710109468797,0.856342472784112,0.0
-1.0380128050388073,1.0093165877392185,0.0
1.4313785073372705,-0.6170965343750047,0.0
0.2951215215173203,-1.9432190725044978,0.0
1.2951295290746472,-0.4510367279923053,0.0
-1.0245330120574998,-0.9253576948451043,0.0
-0.7574973272485418,1.1542292160519596,0.0
1.7327722898409599,-1.3442399556972329,0.0
-0.47464428322310065,-1.2136367343186032,0.0
-0.37188574908676697,0.8153502053880552,0.0
-1.400482966772201,-0.32353112115704397,0.0
0.1347387181151093,1.1317404646005573,0.0
0.055723202485265744,0.015313052698523585,0.0
-0.5800014663357199,1.3860384978434248,0.0
-0.004775420400163881,-0.06598695940308405,0.0
-0.21849208315515262,-0.20755364660994047,0.0
-1.7327272390481343,-0.6907680171983099,0.0
-1.1725817556799252,0.44123087413973694,0.0
0.11886153552560955,0.04701902317781167,0.0
-0.41348851800419456,0.2731721232692517,0.0
1.3915277496213478,0.4009956307793023,0.0
-0.9632253683427502,-2.9037856042872723,0.0
-0.03572603485023926,0.0788713566420018,0.0
-0.8651640988648175,-0.46094245906815334,0.0
0.24369589572095846,-0.9725250771732441,0.0
0.21054079875577333,-0.7666576747909664,0.0
2.1973130984010347,-0.22005130312395932,0.0
1.674058813159218,-0.23246433851896706,0.0
-1.989925797057588,-0.09171132983693475,0.0
-0.37989823727648053,-1.0932171738122707,0.0
2.4387133296269696,0.2308312195625066,0.0
-0.312041914431641,2.2336720602454982,0.0
-0.8391192393423432,0.19002781171128127,0.0
0.3191754939819317,0.778749112657262,0.0
-0.3444854836727541,1.0168632582708443,0.0
-1.8105616855840723,0.24845657610989988,0.0
-1.027867886526064,-2.1091805971190465,0.0
-0.433917019608031,-0.0864006602321876,0.0
-1.1720233143302992,-0.5371164450510184,0.0
0.12979034138160966,-0.7026461927809139,0.0
-0.6845090356390571,1.0483316495976576,0.0
-0.7814558673359562,0.5595179347813515,0.0
0.4685291106380415,-1.1334828522892608,0.0
0.06671362830286172,-1.428228108389224,0.0
-0.09335077388381482,-0.4172389743971692,0.0
0.07845899478182282,-0.3202894550238309,0.0
0.5252435934778807,1.090937809746371,0.0
-0.241522722247961,0.19001338955797567,0.0
-0.3459231599828581,-1.1250757639341114,0.0
-0.18055200842542884,0.5483867061410106,0.0
-0.9805762228046052,-0.10915619331289582,0.0
-1.4099434333028518,-0.9790290422036829,0.0
-0.33606127243960987,1.7463788596785692,0.0
1.0836853836882836,-1.0705135744054324,0.0
1.1463285724997723,0.06360298814498441,0.0
1.4042291937125906,1.6913024864788988,0.0
1.1924988286437952,0.4535215913022184,0.0
-0.6142845092772913,0.6099232374322493,0.0
0.38933820768168986,1.048654575715767,0.0
2.1585649901209862,-1.660685294385118,0.0
-0.717177109049528,1.57857245264599,0.0
0.9737586960630753,0.47335495600180133,0.0
-0.7667476486122949,-1.6882233872030565,0.0
-1.2507296381420592,-0.7055500494718746,0.0
0.6562492442909195,-1.516980923479424,0.0
-1.0839566180733728,-1.1416274372473396,0.0
-0.6004312295290146,0.20957106116187293,0.0
-0.6464669433449985,-0.13831795415422263,0.0
0.4267833816189429,0.5411291583196897,0.0
-0.16945091286810085,-0.23626467411930163,0.0
0.28181044282581613,0.7594309162610254,0.0
-0.09314525019751253,-0.7563720224960372,0.0
0.14385756497253355,1.8015400888407131,0.0
0.3493364751012809,2.021044186960396,0.0
0.9441671055199061,-1.368193887382377,0.0
-0.10460558637177245,-1.161419446544391,0.0
-0.36152313341256465,-0.2754922290082561,0.0
0.1943881054188611,-1.2936258899916475,0.0
-0.35364659291748574,0.9918791233058756,0.0
-0.31015166267171324,-0.7049245277210929,0.0
0.9198462498464507,0.7381267716787658,0.0
-0.09352282949574146,1.195443351434316,0.0
0.5748616800682848,0.8122130674685959,0.0
-0.46408951897095313,1.1509752360514172,0.0
1.705020798433658,-0.8420628051038875,0.0
1.7060494152155723,-1.644030023239156,0.0
1.0503815447402605,1.7874428089447976,0.0
-0.9301556446983458,-1.8491569650078892,0.0
-1.199583333541646,0.01781212408705073,0.0
-0.5897932376965247,-0.14141689740130223,0.0
0.8926741302183286,-0.19945040392926286,0.0
-0.0026560674831922638,0.5282491813953447,0.0
-0.4238349808894011,-0.17908638696590526,0.0
-0.8064994498899127,-2.2028615039090527,0.0
-0.7089775613464978,0.02395338202016703,0.0
-0.5629121164653901,-2.0736661881403884,0.0
-2.5782530038422027,-0.6843690562187469,0.0
0.013098319160152735,-0.5366860515527575,0.0
0.27183026687083,0.9241515456588467,0.0
-0.06274552070724906,-0.22195215414754738,0.0
-0.03571434935181591,-1.5927058053212653,0.0
0.32491265120397483,0.7259595078732017,0.0
-1.9712290433993462,-1.0558064344688465,0.0
-0.6310891032424587,0.7869324924693503,0.0
-0.13180367553069894,0.5027551594414064,0.0
-1.3970035719536265,-1.9150775196815586,0.0
1.0322810586636757,-0.8044254925838001,0.0
0.19018680713013505,0.6692622211830161,0.0
-1.9857234982980572,-1.8087908036901557,0.0
-0.013363952003914657,1.1189536898847017,0.0
-0.8311347219097367,1.7273333251802234,0.0
0.675023166178226,0.3484936065299293,0.0
1.9256174341329748,-0.7041478510487489,0.0
0.6807021260947794,-0.5526063735495889,0.0
-1.8397432882599885,0.1276984885145695,0.0
-0.21552099688821427,0.013335065539747663,0.0
0.20434801286187093,0.8839295441520392,0.0
-0.9943215752173732,1.5635921318304495,0.0
0.3799436779603875,-1.5031248157441626,0.0
0.5493836804364531,-1.2230049264195053,0.0
1.7090252606681693,0.1987259983846648,0.0
0.36082192993457035,-0.23599246990283762,0.0
0.9098824419612146,1.0707850210955694,0.0
-0.95165676296962,0.8914931537175533,0.0
-0.5033580231205669,-0.9835861693149369,0.0
-0.09989605953008995,-0.6172817232610558,0.0
0.04717065452579202,0.4169616795357035,0.0
0.5088704800665077,0.678148413656092,0.0
-1.275786598761323,-1.0781257433411744,0.0
0.46776033773314885,0.663753039662907,0.0
-1.3037360276445944,-3.0830423768436317,0.0
1.0131028173847518,0.6470324425623482,0.0
1.058928108824761,-1.3491730623365383,0.0
0.5001305995178696,1.1389305094353541,0.0
0.026767001890267633,-1.241469197789346,0.0
-0.6938540196620643,-2.0196054087695594,0.0
-0.2271959378305437,-0.3791800360739651,0.0
-0.5930202241852419,-1.058246325374859,0.0
-0.12157453543404986,-0.21688282003448225,0.0
-0.01921169086957129,-0.5788976349458597,0.0
0.8114433136522291,-0.22843299857416616,0.0
-0.27971961761987996,-0.15598528012670446,0.0
0.6094911146627098,-1.083374710308747,0.0
-0.00571087217237924,-0.28059314558448295,0.0
0.5665862341592447,0.8143323189965815,0.0
-0.45195138793579726,0.7580693451895961,0.0
1.5441499341715483,-0.3238567898829048,0.0
1.0367820444919358,2.0486782093055265,0.0
2.84762979473173,0.24923351936985078,0.0
-0.27989161594567397,-0.24405529606922924,0.0
-1.1473670781952972,2.615860997449186,0.0
0.7580536720981208,0.5620777415779381,0.0
1.0387898349950777,-0.852562034184563,0.0
-0.8468644380184904,-0.12176513646945265,0.0
-0.5345383991717211,-0.5612934554585224,0.0
1.3011783233330767,1.1461175712781906,0.0
0.6946293812106282,0.6950577868968655,0.0
-0.17433353412191532,0.4676524054943203,0.0
-0.2580770172618215,1.7731246756872399,0.0
1.220675820604892,2.4180886915784106,0.0
1.5281186108364888,-0.7845738386808123,0.0
-0.47191705036096304,0.14113345645404263,0.0
1.055161237784024,0.8768429181058834,0.0
0.7811315082819281,-1.0876485314993078,0.0
0.0017642258635158397,0.23965729913777514,0.0
0.12558633057675866,0.7654468368257892,0.0
0.08903949844713295,0.13263636859932762,0.0
1.7491601940466626,1.3983974873507168,0.0
0.13164482181368778,0.223426587004031,0.0
0.37288035469912717,0.5412755967502384,0.0
-0.6006280249106706,-0.6647362155685871,0.0
0.7171768578718726,-0.06281815533828496,0.0
-0.6964733669279245,-0.33595564875282474,0.0
-1.0389378294650722,0.5007793186655769,0.0
2.578958623984983,1.4621042872825412,0.0
0.9222990535561606,0.390945930835525,0.0
0.21058782586343874,-0.7370533014824422,0.0
-0.6824595794527983,-1.4410830905795187,0.0
-1.92127668588637,-0.9598585952574884,0.0
0.949948555782843,-2.371155257690333,0.0
0.8679437232151144,-1.5632867895380176,0.0
-1.0550320786729983,-0.29890675229276953,0.0
0.4680619208105201,0.09532827908509454,0.0
-0.14607746884962322,-2.109704474986273,0.0
-1.7075558909913668,1.9025378155895782,0.0
-0.5653122807118437,1.529494364067156,0.0
1.0217658681716333,0.05760356657192387,0.0
1.352609482040703,1.425246224940137,0.0
-0.014196933576439249,1.1388657153815736,0.0
-0.7174974854972351,-0.5893448820350551,0.0
-1.3834088445372283,1.6109117777167725,0.0
1.2642513954479748,1.468896222389191,0.0
-0.343750372229243,0.7315438186129407,0.0
0.8453107555540594,-0.44370417829824194,0.0
0.8097192148681285,-1.868658114934763,0.0
-0.07510072963540859,-1.076059463161452,0.0
-1.0550915302089996,-2.1075998077809035,0.0
-1.1210544833064147,0.27221947862250995,0.0
0.5916741461076512,-1.3128354535716873,0.0
0.3733118098785385,-0.09049933647950614,0.0
1.0493532211084933,-0.6968998353851958,0.0
-0.44000485359598007,-1.6334898565054297,0.0
-0.8478739760240595,0.9821248195038292,0.0
0.22944947674464006,-0.9873835311933463,0.0
2.494643622461343,-0.27921436032024954,0.0
1.7817891658215488,-0.2127818556793427,0.0
-0.6991899640486917,0.6432051639832559,0.0
0.4206152116621361,-1.5328546472262423,0.0
1.223715765828686,0.7423513962035023,0.0
0.8363135198991322,-0.03974903325432153,0.0
0.5678701339372394,1.865012151311556,0.0
0.24400397393421383,-0.573373296395612,0.0
0.9847467905265785,0.26939845274970786,0.0
1.7000555239710657,-0.6034306670208707,0.0
-0.5914625021981954,-0.9194088935414776,0.0
-1.9397449038691355,0.5164062265312281,0.0
0.6287636020419537,-0.7075889191818776,0.0
0.8945115591090342,-0.24292449133919242,0.0
-1.072738369109461,-0.0611569923052409,0.0
-0.2657121275261862,1.2256077419306202,0.0
1.1962061177014218,0.10770834533374342,0.0
-0.5705663863345757,1.9281190028794672,0.0
0.4468846674090915,0.42743399679415606,0.0
-0.3118172547187492,0.06497065812205388,0.0
1.1510036409704223,0.488232264493468,0.0
1.023251138117475,-1.0926854392096006,0.0
-0.6489994942279416,0.4551202817487311,0.0
-0.13101016470668708,0.13577538368994116,0.0
1.6913490315564432,1.8401579092799027,0.0
0.9885518166602998,-0.16198612467696483,0.0
-1.1770925924645075,1.8512384250293425,0.0
-0.32908235453921303,-0.15939222351134155,0.0
3.461321849620958,-0.1579016493105168,0.0
0.6064588004332553,0.6515921009335403,0.0
-0.25738408316516614,-1.387397569026934,0.0
-0.8879850265263586,1.4658854439737627,0.0
-0.957765730600107,1.3751644660010793,0.0
-0.8142900235005137,3.829364081008074,0.0
0.7514154816357241,1.0797572201281584,0.0
-1.30725092691629,0.46772136904509504,0.0
0.7409517879385344,0.28033275126328105,0.0
-0.2553831303379853,0.26456579809636377,0.0
-1.781183801012029,-1.2552734296632997,0.0
-0.5534804727431247,0.5288327026696961,0.0
-0.7394098135149798,-0.7255243645421735,0.0
0.1499266100014944,-0.6252118084020363,0.0
0.1735289877676605,-0.8326506752344213,0.0
-0.4507135420004904,0.8908085220888027,0.0
1.318254605316534,-0.17001966264707102,0.0
-1.3689904265126818,0.4503619036404612,0.0
0.7494158010471843,0.06660714196261033,0.0
-0.3019778012424507,1.1926692237609446,0.0
0.8749904222572397,1.0412001319838542,0.0
0.5410298336042372,0.8407266139123888,0.0
0.2239043971515469,0.12839794836870463,0.0
-0.7283067683005219,-0.002175908515361471,0.0
-0.6994052280547093,1.0716362910001411,0.0
0.709572777412495,-0.42718651845921685,0.0
0.19390389196741753,-0.7615278077742337,0.0
1.5424906056054806,-0.3205467380707571,0.0
-0.015057099966072629,0.14998344411457115,0.0
0.028938305899602338,-1.2207316097082697,0.0
1.0906768482067342,0.4378580794245082,0.0
-1.080097344784646,-0.7856645275872425,0.0
-0.22746621781769105,-0.988366146022812,0.0
-1.6598182444211318,1.0130909406673287,0.0
-0.029561030154303315,1.6526408424955585,0.0
-0.18594329728438325,-0.4187458955207519,0.0
0.6414911825770926,-1.6463450390233818,0.0
1.6970700255184965,-0.04186494068198351,0.0
0.03874801790142473,-0.05392064837946496,0.0
-0.6476748950603249,1.7019734288884,0.0
-2.1648112931292194,-1.103339564967467,0.0
0.3967495864919145,1.751494154052516,0.0
0.1943181481397483,2.8873454166821566,0.0
-0.28467688943774655,0.790059290019474,0.0
-0.6234227029230438,-1.2723005165413628,0.0
1.3688743346092593,1.1209474935167996,0.0
0.4265330513970016,-1.7942458653862738,0.0
-1.7117232825533992,1.8063776455773635,0.0
0.5618697203814038,-0.19895368827088894,0.0
-1.1252827881134035,-0.048741297342326934,0.0
0.2140061150432591,0.3869067345977118,0.0
-0.8741993261380965,0.6150655599822971,0.0
-1.5248640724685039,0.5453777680740578,0.0
-0.6883929276666245,-0.43439601666876126,0.0
0.6042993677469961,0.3279277850449038,0.0
-0.8007345335677268,0.4099559124464323,0.0
1.5323696799768598,0.9496699247028884,0.0
0.6869397435583511,1.250308389297575,0.0
0.9938722963918255,0.5467318610015465,0.0
1.868648491647316,0.5647469592821955,0.0
0.6849027320051448,0.7957406374226556,0.0
0.7754730761056016,0.1411830367466303,0.0
-1.373334625114437,0.20385135737751492,0.0
-0.869720437512143,-0.19766888634383228,0.0
0.6968222761560883,-0.845804656928521,0.0
-0.9200698810180735,-0.045651844099202074,0.0
-1.6327128715216535,-0.17210070785539694,0.0
1.0115480954565619,-0.961340025098782,0.0
-0.7766219798411369,-0.7899786586252698,0.0
1.5364609855442923,0.42580158154020914,0.0
-2.7268854071754562,-1.3746575751923218,0.0
0.35377023542266883,1.0519934851679011,0.0
0.8384226198539502,-1.195944935553215,0.0
-0.3355852849371063,-0.7369678600966647,0.0
1.3859694451557547,1.3400630026742677,0.0
-0.36442996123215277,0.9631414534809924,0.0
-0.17616468725979217,1.002105573683539,0.0
-0.40776193176093534,1.2036798064828935,0.0
0.024782369151145504,1.6894516079188924,0.0
1.532289517127048,-0.7946570927131463,0.0
-0.2457338896775528,-0.5148269548681264,0.0
0.12929804731269862,1.0966821527076034,0.0
-0.25298033809091397,-1.4804775920525803,0.0
1.0361574510752296,0.9181118738658197,0.0
-2.2780216669083577,-1.4946829019196222,0.0
0.5278546813571845,-1.8074832840852473,0.0
-1.39133567128286,-0.6433374719862486,0.0
-0.6467013295397994,-0.9698656125656048,0.0
-1.3066353407539952,-1.0175556529788723,0.0
1.3074207594644132,-0.5461351870632005,0.0
0.415892748315994,0.5682201772295756,0.0
0.7315818452775268,-0.45495509073722623,0.0
-0.383982561219938,0.9971527434987707,0.0
1.6041078949145602,-0.297200531923439,0.0
-0.7961898184398212,0.22498759581780323,0.0
-0.9310244241030187,0.35592636946103245,0.0
-0.23720387879463303,-1.2896045396914557,0.0
-1.255090177942552,0.4265866184381737,0.0
1.444078239901865,-0.13311754729932032,0.0
0.5620382253893239,-0.16641089226126438,0.0
1.5769663862096543,0.0727299013023786,0.0
-0.6601895024138452,1.912560138568581,0.0
0.7547412210441238,1.4421472041925918,0.0
-1.4129320826027933,0.2938286359619527,0.0
0.4142330046527864,-0.4406472810903433,0.0
-1.2866327045994062,-0.0707696645019912,0.0
0.15001924756105536,-1.875029969995008,0.0
-0.5675016658244673,-1.020041164359106,0.0
-1.1268727824542113,-1.2978121736637747,0.0
0.36903255297445187,0.01831894202803083,0.0
-0.7207227924674156,0.17514609486490912,0.0
-1.0995730034222797,0.18724701489169207,0.0
0.2297207743977158,1.7581998896627011,0.0
0.4334436678150012,1.207182638727744,0.0
0.549795211099582,1.4840925538420728,0.0
-1.015579530940821,0.49485769025681786,0.0
-0.5971845739027416,0.20867699707273793,0.0
0.35609224204562373,-0.5500748213753405,0.0
-0.19014494314235475,1.5187123500867508,0.0
0.5168069119838041,0.37517637875587995,0.0
-0.5315925237442671,-1.5186149094463237,0.0
-0.11513484481935027,-0.35980371213744294,0.0
-2.0417467824716384,0.1819471182380666,0.0
-0.11918427944189866,-0.05769782418020619,0.0
0.9976421792723791,1.9719349300979478,0.0
-1.1253369848080335,-0.09234188183112048,0.0
1.197733138420711,0.4235834661752838,0.0
0.5264996218620809,-1.0481421854142232,0.0
0.3601812242624037,2.6586529318474548,0.0
-0.29171157351459687,0.8900371925978738,0.0
-0.290251965371746,0.40035085511948093,0.0
-1.0101729664995984,-1.5831834911710914,0.0
0.07677479713839842,-0.1939894032138756,0.0
1.813127968698383,-1.0788040792900357,0.0
1.2066740623546186,-0.707420408391156,0.0
0.8883926444446898,-0.5809262098736321,0.0
1.0258769279199529,-0.23456647900254343,0.0
-0.8065015020630045,-1.2957159784513885,0.0
-0.8100935325966167,-0.08516429207102974,0.0
1.8492412265433162,0.48779579478864427,0.0
-1.5038860562871808,1.0289291379455414,0.0
-1.2018501461407953,0.37626442969128054,0.0
-1.037282019310771,-0.6793956094673337,0.0
0.02094237267512777,-1.8995987396030303,0.0
1.743464239363253,-0.4964888477876538,0.0
0.8073603237416139,-1.1126342832685077,0.0
0.019567153094785253,-2.5144809339143093,0.0
0.31058992061642987,0.06214328387240685,0.0
1.4346960464414333,0.6257317086847608,0.0
1.5322604935904296,0.285918497753671,0.0
-0.1853191403764654,0.5636716145606717,0.0
-0.5210864033850354,-1.2485445187786468,0.0
-0.4928126455594732,-1.3885703503354574,0.0
-0.4697459297393309,0.3595151372799239,0.0
-0.8184931664508499,-0.6202106027385991,0.0
0.458282806922324,-0.7105732034527676,0.0
0.3727269302763167,1.9227602613942747,0.0
-0.9128039016928218,0.6987426435766739,0.0
-0.6112839489489685,-0.9339782728636813,0.0
-0.5469657032699529,0.21568830166402453,0.0
-0.692370141160548,-0.5423093484705829,0.0
0.5739582928837226,1.5707766418364848,0.0
0.5857885587332569,-0.8697767058379267,0.0
-0.8980360871550619,1.9673138604937792,0.0
-0.08076008017331489,2.4508641533700546,0.0
-1.280948066341595,-1.5714037353530592,0.0
1.8213558998724928,-1.0354044062742789,0.0
-0.49328244727482046,-0.08846417794920788,0.0
-0.2687920853403458,-0.4557390399900986,0.0
5.825260513754965,-0.07351062220313509,1.0
5.340924480093289,-1.1464171771062328,1.0
3.869222084279146,0.6500534606152212,1.0
3.9458089321996006,-0.38093012811366517,1.0
4.5642786235735455,-0.35227719232130256,1.0
5.333856128792904,-1.242751440966585,1.0
4.704173844080879,0.16780817942611911,1.0
6.2678802174226655,0.2648765750821418,1.0
3.7734808120624153,1.6734994420578193,1.0
4.03647789774956,0.1455476886798265,1.0
5.560319450731066,0.535685821513924,1.0
4.936392776615965,-0.3766080020104846,1.0
4.403258125574668,0.45507945109841713,1.0
2.9495333003781528,0.193587273115585,1.0
4.745351095121156,0.13070893171317174,1.0
3.553130920763559,-0.4815999297713052,1.0
5.391412778728167,-0.6331530458637339,1.0
4.576200838514008,-0.2889298852112532,1.0
6.073841514208082,-0.5035450028810937,1.0
5.663112706920769,1.8529533669542606,1.0
5.762536982912636,0.15662647912810065,1.0
4.133757635005779,-0.661565677484347,1.0
3.81639732604423,-1.6024963939400731,1.0
4.785241511350487,-0.4489448137259853,1.0
4.924152336951401,0.9737174316085601,1.0
3.9743307384548525,0.7208132651042426,1.0
3.4404154489709518,-0.5793695723326985,1.0
5.66689755782089,-1.0313856431822943,1.0
3.917887445311751,-0.3712687911439791,1.0
4.142813947602377,0.29459577532737635,1.0
3.2542444255522387,0.7241028731928639,1.0
5.335639669278881,-0.2802240424534034,1.0
3.9158739328592036,0.23127033003723707,1.0
5.095004675494382,-0.4326196756356375,1.0
5.34843230634416,0.757400324803554,1.0
3.939215377875416,-0.030460139437200606,1.0
5.858852717337316,-0.2842074084398993,1.0
6.3601355526922925,-0.15802429958515124,1.0
4.162114914768963,-0.24393817883441565,1.0
3.5573677968755932,-0.30709306158565325,1.0
6.787515218997651,-0.7679465340153077,1.0
4.592245013017553,1.331115613243128,1.0
6.506300384783698,3.184799250946096,1.0
5.0088114903401415,-0.7746083855017042,1.0
6.554673126802993,1.5026229552151102,1.0
6.254734691033781,-0.10020013743593906,1.0
6.245570281098101,-0.12626126101210053,1.0
5.436846208895146,0.5197676446882308,1.0
4.243080202243065,-0.7614996183842642,1.0
4.755609580363416,-1.7203025712179807,1.0
5.4311390125920305,1.6963917844555347,1.0
3.3867242367554975,0.2794585773879026,1.0
4.11711417668179,0.12538877582561325,1.0
4.097469407716395,-1.0654357182711172,1.0
6.0838993860198025,0.6999881876192412,1.0
6.560298868677372,0.6285988488544432,1.0
4.81890907290192,-0.9068934382460178,1.0
3.5105965709812184,-0.4279219186134396,1.0
5.447663081054312,-2.640920291548683,1.0
5.660009579592122,0.17408697462212044,1.0
6.547933076771443,-1.3809947683595678,1.0
5.095686343794371,-1.0792803642089317,1.0
5.1511557899818055,-1.0526054996881136,1.0
4.923730896433258,1.0780236670839742,1.0
5.862755656501856,0.2763039835881757,1.0
6.411022644507918,-0.7194448829524194,1.0
5.121631958236823,-1.2703033299576802,1.0
5.941284633498046,0.3131946863502858,1.0
4.874533483323223,1.0966223195092641,1.0
5.639979670103455,-2.1850464541491625,1.0
6.233304036125665,0.37272861944855656,1.0
5.206903686712052,-0.43034204762945055,1.0
3.62260287680112,1.658026465835584,1.0
5.41546930223842,-1.1205783846213804,1.0
4.096555622471845,0.40860629830399986,1.0
3.9396871734792613,0.7720352859023852,1.0
5.594662065277124,-0.24376468362896914,1.0
4.1728767368877175,0.8649102348873919,1.0
3.6512512446170957,1.4373295766392629,1.0
4.286996551726231,-0.915702261847046,1.0
4.068283530881817,-1.1042120511273106,1.0
4.138367730295885,0.5254939265351068,1.0
5.280698608671147,1.2459737817919023,1.0
5.716666841000131,0.3109604040592827,1.0
5.061286329451403,-1.7190533676245745,1.0
6.532739997512212,-0.46169809033679865,1.0
5.478114021764695,0.2388777461255981,1.0
5.559426893258873,1.0975286046749175,1.0
4.030710059338978,1.7306290687197992,1.0
6.0513929106704225,-1.298629864165372,1.0
6.132376822601257,0.30591628434965656,1.0
4.468211615412386,-0.45979659058440653,1.0
3.43269180637993,-0.832094410034981,1.0
4.358186882825109,1.5471262049697407,1.0
4.280720091364598,0.9514977716274623,1.0
7.332554373845797,0.06782801168781859,1.0
4.5247966928567696,-1.513952766168068,1.0
4.045187184050807,0.019606767147746403,1.0
4.935433639652897,-0.7087676725206968,1.0
4.474789068395454,0.5958075619519568,1.0
4.561072377251092,0.21479377076335518,1.0
5.1684101018178845,0.23316051942828747,1.0
6.853500949075142,-0.09071984573829862,1.0
5.2795238429514,-1.0913111186547175,1.0
4.568523535460248,-0.8425836329271612,1.0
4.9974795932579,-0.5121513404146397,1.0
5.025744281665723,-1.1056697238992075,1.0
6.600764253871597,-0.006776514557800642,1.0
4.447269731576245,-0.35831528522100464,1.0
4.275250253146117,1.6732278371688394,1.0
5.751964653720298,0.8716433890205268,1.0
4.3875911598411435,1.2562119318669973,1.0
4.619328365187428,1.5568050819769625,1.0
7.258947364639113,0.24420485250187782,1.0
5.015530474253332,-0.16000323987545828,1.0
4.770424215323703,0.8131370054884313,1.0
5.7606652182933855,0.47781868768601754,1.0
4.583187945842803,-1.775643012087017,1.0
5.631754270698493,-1.0512408453988797,1.0
4.726396015646655,-1.128747212410848,1.0
5.29002434508765,0.5875751160258963,1.0
6.75411462661988,1.787250479946912,1.0
6.332245213429334,-1.7085788182603645,1.0
5.077683232477395,-0.5054711679746281,1.0
4.085035577772141,-0.8461989083028719,1.0
3.8768135020161685,0.8406687261765721,1.0
5.3943457401963135,1.3324708238049903,1.0
3.778344228816988,0.3413582982452839,1.0
7.395478910393572,-0.08059148608026741,1.0
5.639356102993795,-0.10029780191874567,1.0
5.773555109011568,-0.9277875405206414,1.0
4.823430747240857,-1.154262885198338,1.0
4.074231503793062,-1.4990277530904326,1.0
5.422920328346774,-0.5163617137840311,1.0
5.421524679311176,-2.6049351481815073,1.0
4.7540685863719485,0.11121699102049962,1.0
3.6871515450987156,0.42944017705430826,1.0
8.171429807268343,0.2610889725554234,1.0
4.613095497356966,2.24117444125862,1.0
4.3912171388608385,0.1260684112391807,1.0
4.880827376491923,-2.3067856777596822,1.0
5.713978198236652,0.42422782772190665,1.0
6.557287556480455,0.6750733672436511,1.0
6.102771294182222,0.2088631243146904,1.0
4.873422540050252,0.6039141148101197,1.0
4.6912431972137645,-0.021638675328484618,1.0
6.308610315753588,0.46531901883508614,1.0
5.172531141188054,0.05324258785089753,1.0
4.376401870882933,1.4312240026691332,1.0
5.5473760279451705,1.663638298521138,1.0
5.953081963235357,-0.9037410240660538,1.0
5.084008280095441,1.0871327867287734,1.0
5.273450856560954,-0.20662376139851993,1.0
4.727709675911558,-0.7157650274327898,1.0
4.505195916235213,0.6457926296276693,1.0
5.0186599133478,1.1950282982290668,1.0
2.9576126585281575,-0.40237147452778915,1.0
6.584294027887369,-0.11611851846526064,1.0
4.036343324447939,-1.1521902802734485,1.0
5.515561851505951,-1.6414049838317664,1.0
4.575984569634987,-0.8775158671992236,1.0
5.390574583852092,-0.31487335892004503,1.0
5.491292660949351,-0.5760125322364865,1.0
6.3384437926194375,-0.23035207439022148,1.0
4.292868395733057,0.27634298377276256,1.0
3.819182093078245,2.432459593880739,1.0
5.817985142805794,-0.24708925334596088,1.0
5.111283068538063,1.8848368695593019,1.0
3.061073534444011,0.25251595723710024,1.0
5.318685198879696,1.2613638051276492,1.0
5.753084701648859,-0.2209883002577489,1.0
3.2735425145217123,-0.6200929397353434,1.0
3.683497098088239,1.0773079653401385,1.0
5.184549149611968,1.9184717862469505,1.0
5.362138621647686,-2.692578305656601,1.0
4.1110995142412445,-0.3643284380551883,1.0
5.373138985620437,-0.7378844428472887,1.0
5.5251917937993555,-0.5380049214725118,1.0
4.538858932261885,0.10553684294930285,1.0
6.8691213939982685,-1.0419838582480692,1.0
2.918247949526182,-0.05365529387664652,1.0
3.9477277602851837,-0.25569949822175747,1.0
4.491855545030937,-1.014494838843405,1.0
4.630741354909449,0.9565026996520943,1.0
6.872462187839023,0.3873476139747575,1.0
5.476925427476824,-0.0389602227730291,1.0
5.801512312791074,0.4716573103203075,1.0
4.913701879325644,1.5484667489811734,1.0
5.46599855286315,0.26677572085955886,1.0
3.5043518377856744,1.2908638952537612,1.0
4.8918309894882,-0.4245964509437802,1.0
5.080202288991623,-0.9519646602681698,1.0
5.015497399942936,2.1528225304095883,1.0
5.791301515656941,0.3960039039733482,1.0
5.178830322778039,0.8581996456716435,1.0
4.556844533404236,0.6265778571169426,1.0
5.7557870123376516,-0.7322272342702092,1.0
4.655152291801401,0.4270966335848004,1.0
5.333527863240361,0.08137901072733923,1.0
5.030493988901038,2.6194126299034193,1.0
4.2504308627214735,-0.45697505287048373,1.0
5.301953327020266,0.8947500166427631,1.0
5.935179157837697,-0.6466727207141987,1.0
3.333101442822294,-0.07577560326508508,1.0
2.1284388496536573,0.24613743364606672,1.0
4.773378058852343,-0.6017965651471965,1.0
6.396983155171851,-1.011135287895897,1.0
5.875388375295772,-1.2346962625957603,1.0
4.935224629315002,-0.6438691429963378,1.0
6.039510985009866,1.0986500372040835,1.0
4.320230813522241,0.7335689206706938,1.0
6.446008691702291,-0.387113956108411,1.0
5.675430318872145,0.644913602398871,1.0
5.824692047681026,-2.0200958509926115,1.0
4.498403050093989,1.4163931728470731,1.0
6.058518059322962,-1.5549529533357531,1.0
3.795862027055167,0.5736194775578148,1.0
5.171359856728197,-0.7762272567185198,1.0
3.51209286415454,-1.9903956427255505,1.0
3.3819421477727296,0.7427706905799204,1.0
7.436319404302921,-1.5678087496003088,1.0
3.7806836201718124,-0.001027020240911611,1.0
4.045040458921159,0.08156556448898424,1.0
4.788401288784526,-1.6244411047679879,1.0
4.404247389512205,-0.3792886624086025,1.0
5.7124827991353335,-0.4883974479120533,1.0
4.879229878874826,0.7657134555598251,1.0
6.087202648384299,-1.5523299674628832,1.0
6.550564242402934,1.0655232854471983,1.0
4.389390435200824,0.44523717194539836,1.0
3.924432737247691,1.678414989778188,1.0
4.53324189040578,-0.26805331285195516,1.0
5.634504911277575,0.12942120273172403,1.0
5.537103937812742,-0.14570610510149165,1.0
5.560680379071413,0.2815381318711026,1.0
5.034092229367139,1.6489344579184257,1.0
4.575104793973647,-1.261823818198977,1.0
4.848935973333219,0.5487301636434901,1.0
4.837279297255245,0.23910078600263715,1.0
4.013827136078777,-1.4009583505754168,1.0
3.9088804782838786,1.367423733214658,1.0
5.994319850852271,-0.6783228282246886,1.0
5.557850467102714,-0.7714995987077395,1.0
5.64059405421191,0.1265533387277432,1.0
4.7248987262722615,1.0960415003924733,1.0
4.327015642678791,-0.1828668294669017,1.0
4.724823552509298,-0.4970040043510633,1.0
5.495805406197988,0.5542356239527465,1.0
5.295457735434031,0.40867268599199386,1.0
3.8852632316880102,-0.6203226895163076,1.0
5.113699932992848,-0.04257800106103204,1.0
4.928852768350403,0.7673585130503132,1.0
5.930357632485253,0.6985236686484229,1.0
6.463028488824628,-0.4305400024946951,1.0
6.401819929071113,-1.4596782188673685,1.0
5.820475937253985,0.9577403404615544,1.0
4.733996484107103,0.316086672434486,1.0
4.522086064245163,0.3122124509728287,1.0
6.472677633442446,0.5686896095273095,1.0
8.117147157648777,0.5070259179940156,1.0
2.672028749531925,-0.9197838829522441,1.0
5.59305415864211,-0.2413969027192463,1.0
5.5774617062286636,-0.5250043411295303,1.0
6.215373040389981,-0.15902861915367952,1.0
5.743735755138912,0.11625256058281586,1.0
5.541054545287028,-0.998132253141849,1.0
5.296294232877077,1.986663020951155,1.0
7.049780462869684,0.8754267349884489,1.0
5.107250268553741,-0.9876033220585713,1.0
5.870909815553501,0.5338613256372947,1.0
6.078787115939514,0.16781619994521,1.0
5.340981509669155,1.7117302878935643,1.0
3.875341092466968,0.3152858499195472,1.0
6.002823651593027,-0.035142364106355455,1.0
5.00008939351885,-0.389535498328446,1.0
5.476164008189904,1.3750606574694937,1.0
6.830047362861018,0.4034250840774545,1.0
4.2324968125288995,0.6088359815990078,1.0
4.074691788030358,2.0171891847240113,1.0
5.417871357987314,-0.7115366943616476,1.0
4.462735430874613,0.3336936189866151,1.0
3.301477464637021,0.8886459554308115,1.0
5.249993520692772,0.1822922667226778,1.0
6.364681053454652,-1.2217827817089124,1.0
6.28168104378542,0.8664108771953387,1.0
6.353981369580628,0.27046613731352026,1.0
5.0070504655120756,-0.5312056966392443,1.0
6.514062555572956,-0.21368252802751403,1.0
6.920996723822192,-0.1596972316378723,1.0
5.386808631932034,1.2579014030364684,1.0
5.527085310535137,1.7239979739155076,1.0
5.373728819204914,0.31449962486759475,1.0
4.288360011500756,-0.6779012783542165,1.0
5.999138043706113,0.5595847428913315,1.0
4.997406320800355,0.10936191234724392,1.0
5.185890070328603,1.4960939365117822,1.0
4.236104228473353,-0.1316009329697021,1.0
5.059222218911411,1.2674202504530294,1.0
5.059735888810767,-0.18260820758286092,1.0
3.2126766407097875,0.7685594967837821,1.0
5.194126901077871,-1.3944128912157927,1.0
4.761911828036752,0.12844859510940262,1.0
4.636799615264081,0.3662392766954087,1.0
4.751171120913,0.23742887885926275,1.0
3.9276698514719746,-0.27140492174965086,1.0
5.233873360937078,-0.16808410349003405,1.0
5.377330442183595,0.45359506506472225,1.0
4.9581200995202,0.35262083354162294,1.0
5.45006061685471,0.4795046491516635,1.0
4.456988408458119,1.5464730518353274,1.0
5.4018534934248645,-1.3938283310022916,1.0
4.531060296354215,-0.19448760699544573,1.0
5.19133425562083,-1.2596757406845172,1.0
2.823048091463127,-0.8886648993279943,1.0
3.9027298119151963,1.0416078896809955,1.0
3.679025625656935,-1.5662608859161582,1.0
5.8741432550725445,-1.2492712809438917,1.0
5.781193384224051,-1.9212418372136282,1.0
4.68180700494083,0.7588708467670565,1.0
4.965413304537041,0.8417776091787917,1.0
6.463074875881082,-1.5515891656018828,1.0
5.264603617786912,-0.7299693724075893,1.0
5.926812795908379,1.2872221432442927,1.0
6.293345062885774,0.6314148947380906,1.0
4.779447413083018,-1.3885598432421316,1.0
4.319008337266778,0.7556524910299871,1.0
6.0348160896116925,0.5239844004414825,1.0
4.8312390288803515,-1.873694318315052,1.0
7.586063380435014,-0.21468352747112512,1.0
4.338833910651342,0.3785993236378357,1.0
5.215679948579607,0.33410399119686446,1.0
5.7534130696530195,0.4082111399515503,1.0
4.17187945007921,0.10176272480403928,1.0
4.215192930945605,0.010927337311657919,1.0
4.4583132383963555,0.9601981466687554,1.0
5.946418813491343,0.693954067995912,1.0
5.664302002158102,-0.40323428013819973,1.0
4.254525144845948,0.28947540855933807,1.0
5.495514213006549,3.286965671578607,1.0
3.3146894050319853,-1.4507664852082092,1.0
4.141440702444768,0.33726482628203247,1.0
3.4295105086623083,1.0637774049277908,1.0
3.9166952618352333,1.6682302260868909,1.0
5.7938478540268985,-2.085420767481545,1.0
5.21416897559228,0.3241638565290198,1.0
6.333667791228845,1.1385525118289022,1.0
3.910121283219646,0.5075258297296489,1.0
5.9725796533970765,1.1641073242063913,1.0
4.148340668362801,1.198984515977317,1.0
4.529042513304584,1.1523905038444093,1.0
5.6666005998427105,0.7606788330739971,1.0
5.013270083713221,0.7168230950581103,1.0
4.926357622482709,0.4576868100298533,1.0
4.5086873620889545,1.099536317827851,1.0
4.529722380641258,2.525820868590944,1.0
4.089433622113434,-0.14185160036271943,1.0
5.196810933395706,1.055703137576515,1.0
5.188383404923093,1.0155494686840187,1.0
5.598029630351392,0.46882588793743185,1.0
6.627446545549363,0.3009210390942101,1.0
6.80603253178199,1.486117699916876,1.0
5.382421875587106,-0.005935642203972733,1.0
2.9810470772031783,-2.1044208043755437,1.0
4.924360356385319,1.6211517326128473,1.0
5.923768596822439,0.4634499200002562,1.0
5.3058105109656495,1.3524756719388757,1.0
3.2910499425421254,-0.9462889113231823,1.0
4.137203523546986,0.46022370599579004,1.0
5.282356524468727,0.8680959493165769,1.0
4.956827659414716,1.3458844685518905,1.0
4.933514175455309,2.9958504668082906,1.0
3.6510761659828814,0.696852133555964,1.0
5.755677744791903,0.23796641030347065,1.0
6.2231028127316375,0.2422830785973576,1.0
6.189727179897441,0.37435906144315334,1.0
4.35624618995889,0.6794612614224509,1.0
5.418931264158786,0.07352299871654092,1.0
5.8375533460659685,0.378750319460454,1.0
4.850686622080865,0.5640270093025941,1.0
6.119412725236728,-0.48691397873322034,1.0
5.865578564021524,0.2624333442927744,1.0
4.98556254643205,-0.2500395839111568,1.0
6.176921561064987,-0.4915263410199291,1.0
5.74893834525957,-0.8758257833895723,1.0
2.709011430788706,0.4937859698043472,1.0
5.4012028232412375,1.0089279093659727,1.0
5.1839585687931935,-0.752032116236064,1.0
4.622638163092645,0.8105160476451024,1.0
5.142416868696176,-0.09564788382725321,1.0
5.443958063514051,0.6292711385577745,1.0
5.68863628125022,-0.19584948175122333,1.0
4.378680321685648,-1.5864249493047768,1.0
3.619000107861676,0.4885625851318063,1.0
4.817613953477203,0.19244042305513834,1.0
5.749930355406062,1.6044327917498957,1.0
5.759736115916846,-0.1115545250386425,1.0
3.9545074345168,1.065866394505045,1.0
6.025017096501392,-0.23581496327165977,1.0
4.995326483340178,-0.43916228852498185,1.0
5.328374527105607,0.90772283542841,1.0
6.692920272032379,-0.07314736766822416,1.0
4.519889451021596,-1.1381829976586393,1.0
5.282477155059589,-1.3838149935858186,1.0
6.425239646724744,0.3595286682917327,1.0
5.844626726965617,0.08970308619341312,1.0
5.149969281385151,0.6953177318979014,1.0
6.225353950650673,-1.2716168716412162,1.0
4.889621535765858,-0.565953311318704,1.0
3.7253606658711016,-0.23934207253189455,1.0
7.96766740162497,0.07876665942818126,1.0
6.549090191729794,0.42803007755105454,1.0
3.4498909941768154,-0.1096715450271036,1.0
5.068488505248306,-0.06542442797885058,1.0
4.931913760251868,-0.535018319106968,1.0
6.783664060854299,1.0438168699318668,1.0
5.226854414408457,-1.3812924302037524,1.0
5.2790544305846065,0.8156620342694807,1.0
5.784183874315469,0.5416126133869584,1.0
4.1800939932014956,0.8920109524997255,1.0
5.2129632642674775,0.4461390178542243,1.0
5.687903319173588,0.666172683693934,1.0
4.842288139826266,1.3611072400088993,1.0
5.1301773116204235,-0.1933949118653393,1.0
6.104511335387425,0.985387314565745,1.0
3.405603672101824,-0.11584305150197752,1.0
5.305500099292252,0.01910154281206508,1.0
5.119483315211112,-0.3495176556200967,1.0
5.060145659740979,-1.2480578336235806,1.0
3.9029353066816705,0.26929959769912376,1.0
4.5401433081545015,1.2900587509585386,1.0
5.4369198726275,-1.154668152915604,1.0
4.311235884562915,2.534809176358577,1.0
6.118144663406683,-1.1387496581630936,1.0
5.370974430210521,-0.20268892165806007,1.0
3.4264203116366443,-0.802337667867549,1.0
6.937527202812536,-0.7061044284266529,1.0
4.962566483191846,0.13036074857256502,1.0
6.514081646929437,0.48817854745011213,1.0
6.90534259723109,0.9744181679034338,1.0
5.138546161698466,0.5096084087416888,1.0
4.403116638818197,0.7883721047802975,1.0
3.433025498258361,0.9684709036157005,1.0
5.486156898665217,-0.20609101334158278,1.0
3.6597276729489767,0.6010068418593187,1.0
4.982441459565379,0.2412756401926241,1.0
5.497809298742954,0.16439465668102837,1.0
6.739618024806253,-0.4723016731402862,1.0
5.3394481759999275,1.6402758021485664,1.0
6.156794062585901,-1.3306851692060706,1.0
5.341763066309047,-1.1499439365077413,1.0
6.0585919996417585,1.89296562466581,1.0
5.446174766216903,0.18252537048348913,1.0
5.761759900265869,0.92352445703439,1.0
2.3408732844547586,0.24755430039802767,1.0
7.134509712780697,-0.38472788014042,1.0
3.604604122720013,1.0740710991037585,1.0
6.51442540822225,0.9127665532513858,1.0
6.170917058771849,-2.2006102592994354,1.0
4.306851636694929,1.7248750064676384,1.0
6.676869301946231,-0.9085073175401599,1.0
5.712693133322132,0.2640810564374992,1.0
3.836206359891343,0.7054784102345505,1.0
5.070118512099207,-0.2732432841699699,1.0
2.637960252561147,-2.1360951831259287,1.0
4.373101032325616,0.7505177770879774,1.0
4.147502956909523,0.037394091450073635,1.0
5.714542625462556,-0.7650912512853403,1.0
6.166497077012024,-0.840421976855962,1.0
6.97778359618309,-0.5156782359368199,1.0
5.8722558846408655,0.8002486431116825,1.0
5.999583556300687,-1.3334175119401162,1.0
4.427096378583151,0.8349378024901638,1.0
5.023465553704914,1.3089257015401012,1.0
5.876512264585408,0.38618010456309837,1.0
5.160615280885258,-2.9061875715925294,1.0
5.220435982837099,0.19924784743951818,1.0
3.6933621332463806,0.21144882979947818,1.0
3.104991510785551,-0.3028961038042173,1.0
5.631367605882789,0.5901689335010819,1.0
4.164555616366928,-0.8542631263244952,1.0
5.3862625241255415,0.45763535459003185,1.0
5.481034068970395,1.2501690054027654,1.0
3.603212819356892,0.9054145159793664,1.0
4.646229245867105,-2.1253200036571043,1.0
4.033973327361331,-0.8383619648231523,1.0
5.032572031404366,-0.7274094046103518,1.0
6.332030609926706,0.3958026474457704,1.0
4.2955669834074115,-0.8536025026137283,1.0
5.541533061327839,-0.8983347316814017,1.0
6.395299276305917,1.5710250953015301,1.0
4.747478432691012,2.3970717258556093,1.0
4.1621529721825805,0.08527793893715387,1.0
5.313856902508768,1.0267232267369724,1.0
5.5896348626664025,-0.07404406174635421,1.0
4.946437726347343,0.07785669291900446,1.0
3.7746214637838875,0.3777626305983597,1.0
4.645399932697634,-0.5575326289942772,1.0
5.787701322636119,1.8189030473827277,1.0
4.991487094963695,-0.14446219983650233,1.0
4.635721317124421,2.1331383185769583,1.0
